group,aug,arch,short-exp-name,exp-name,,msmarco,trec-covid,bioasq,nfcorpus,nq,hotpotqa,fiqa,signal1m,trec-news,arguana,webis-touche2020,dbpedia-entity,scidocs,fever,climate-fever,scifact,robust04,quora,cqadupstack,msmarco%,trec-covid%,bioasq%,nfcorpus%,nq%,hotpotqa%,fiqa%,signal1m%,trec-news%,arguana%,webis-touche2020%,dbpedia-entity%,scidocs%,fever%,climate-fever%,scifact%,robust04%,quora%,cqadupstack%,msmarco±,trec-covid±,bioasq±,nfcorpus±,nq±,hotpotqa±,fiqa±,signal1m±,trec-news±,arguana±,webis-touche2020±,dbpedia-entity±,scidocs±,fever±,climate-fever±,scifact±,robust04±,quora±,cqadupstack±
Baseline,BM25,BM25,BM25-Baseline,BM25(BEIR+our touch2020),ndcg@10,0.228,0.656,0.465,0.325,0.329,0.603,0.236,0.330,0.398,0.315,0.347,0.313,0.158,0.753,0.213,0.665,0.408,0.789,0.299,0.11,1.39,#DIV/0!,0.02,0.30,0.25,-0.04,#DIV/0!,#DIV/0!,-0.17,1.08,0.07,0.06,0.10,0.37,0.02,#DIV/0!,-0.06,0.05,0.022,0.381,0.465,0.008,0.075,0.122,-0.009,0.330,0.398,-0.064,0.180,0.021,0.009,0.071,0.058,0.016,0.408,-0.046,0.015
ignore,Contriever,Contriever,Contriever-Baseline,fb-contriever.dot (BEIR changed Tóuche2020 dataset),ndcg@10,0.206,0.275,0.000,0.317,0.254,0.481,0.245,0.000,0.000,0.379,0.167,0.292,0.149,0.682,0.155,0.649,0.000,0.835,0.284,0.00,0.00,#DIV/0!,0.00,0.00,0.00,0.00,#DIV/0!,#DIV/0!,0.00,0.00,0.00,0.00,0.00,0.00,0.00,#DIV/0!,0.00,0.00,0.000,0.000,0.000,0.000,0.000,0.000,0.000,0.000,0.000,0.000,0.000,0.000,0.000,0.000,0.000,0.000,0.000,0.000,0.000
Baseline,SPAR,SPAR,SPAR-Baseline,spar-wiki-bm25,ndcg@10,0.193,0.531,0.000,0.265,0.262,0.572,0.185,0.000,0.000,0.420,0.234,0.281,0.134,0.569,0.164,0.627,0.000,0.704,0.279,-0.06,0.93,#DIV/0!,-0.17,0.03,0.19,-0.24,#DIV/0!,#DIV/0!,0.11,0.40,-0.04,-0.10,-0.17,0.06,-0.03,#DIV/0!,-0.16,-0.02,-0.013,0.257,0.000,-0.053,0.008,0.091,-0.060,0.000,0.000,0.041,0.068,-0.011,-0.015,-0.113,0.009,-0.023,0.000,-0.131,-0.005
ignore,SPAR,SPAR,SPAR-Baseline,spar-paq-bm25,ndcg@10,0.217,0.607,0.000,0.301,0.276,0.583,0.190,0.000,0.000,0.378,0.224,0.302,0.137,0.580,0.170,0.656,0.000,0.727,0.269,0.06,1.21,#DIV/0!,-0.05,0.09,0.21,-0.23,#DIV/0!,#DIV/0!,0.00,0.34,0.04,-0.08,-0.15,0.10,0.01,#DIV/0!,-0.13,-0.05,0.011,0.332,0.000,-0.016,0.022,0.102,-0.055,0.000,0.000,-0.001,0.057,0.010,-0.012,-0.102,0.015,0.007,0.000,-0.108,-0.015
Baseline,Spider,Spider,Spider-Baseline,tau/spider,ndcg@10,0.150,0.322,0.000,0.267,0.145,0.413,0.091,0.000,0.000,0.290,0.047,0.216,0.130,0.316,0.129,0.623,0.000,0.724,0.222,-0.27,0.17,#DIV/0!,-0.16,-0.43,-0.14,-0.63,#DIV/0!,#DIV/0!,-0.24,-0.72,-0.26,-0.13,-0.54,-0.17,-0.04,#DIV/0!,-0.13,-0.22,-0.056,0.047,0.000,-0.050,-0.109,-0.067,-0.154,0.000,0.000,-0.089,-0.120,-0.075,-0.019,-0.366,-0.026,-0.026,0.000,-0.111,-0.062
,,,,,,,,,,,,,,,,,,,,,,,,,,,,,,,,,,,,,,,,,,,,,,,,,,,,,,,,,,,,,,
RandomCrop,RC,Inbatch,Inbatch-RandomCrop,wikipsg.seed477.inbatch.contriever256.bert-base-uncased.avg.dot.qd256.step100k.bs1024.lr5e5,ndcg@10,0.140,0.238,0.000,0.137,0.202,0.320,0.094,0.000,0.000,0.432,0.029,0.192,0.081,0.233,0.108,0.524,0.000,0.768,0.181,-0.32,-0.13,#DIV/0!,-0.57,-0.20,-0.33,-0.62,#DIV/0!,#DIV/0!,0.14,-0.82,-0.34,-0.45,-0.66,-0.30,-0.19,#DIV/0!,-0.08,-0.36,-0.066,-0.036,0.000,-0.180,-0.051,-0.161,-0.151,0.000,0.000,0.053,-0.137,-0.099,-0.068,-0.449,-0.047,-0.125,0.000,-0.067,-0.103
RandomCrop,RC,MoCo,MoCo-RandomCrop,wikipsg.seed477.moco-2e14.contriever256.bert-base-uncased.avg.dot.qd256.step100k.bs1024.lr5e5,ndcg@10,0.175,0.355,0.000,0.228,0.251,0.421,0.138,0.000,0.000,0.385,0.069,0.220,0.121,0.405,0.157,0.609,0.000,0.767,0.208,-0.15,0.29,#DIV/0!,-0.28,-0.01,-0.12,-0.43,#DIV/0!,#DIV/0!,0.01,-0.59,-0.25,-0.19,-0.41,0.01,-0.06,#DIV/0!,-0.08,-0.27,-0.031,0.081,0.000,-0.089,-0.003,-0.060,-0.107,0.000,0.000,0.005,-0.098,-0.072,-0.028,-0.277,0.002,-0.040,0.000,-0.068,-0.077
,,,,,,,,,,,,,,,,,,,,,,,,,,,,,,,,,,,,,,,,,,,,,,,,,,,,,,,,,,,,,,
Doc-Title,DocTitle,Inbatch,Inbatch-DocTitle,wikipsg.seed477.inbatch.contriever-256-Qtitle1.bert-base-uncased.avg.dot.qd128.step200k.bs1024.lr5e5,ndcg@10,0.147,0.377,0.000,0.275,0.226,0.416,0.136,0.000,0.000,0.247,0.172,0.288,0.109,0.609,0.134,0.454,0.000,0.616,0.141,-0.29,0.37,#DIV/0!,-0.13,-0.11,-0.13,-0.44,#DIV/0!,#DIV/0!,-0.35,0.03,-0.01,-0.27,-0.11,-0.14,-0.30,#DIV/0!,-0.26,-0.50,-0.059,0.103,0.000,-0.042,-0.028,-0.064,-0.109,0.000,0.000,-0.132,0.006,-0.004,-0.040,-0.074,-0.021,-0.195,0.000,-0.219,-0.143
Doc-Title,DocTitle+RC,Inbatch,Inbatch-DocTitle,wikipsg.seed477.inbatch.contriever-256-Qtitle50.bert-base-uncased.avg.dot.qd128.step200k.bs1024.lr5e5,ndcg@10,0.160,0.253,0.000,0.271,0.254,0.434,0.129,0.000,0.000,0.360,0.148,0.271,0.108,0.467,0.117,0.567,0.000,0.652,0.180,-0.22,-0.08,#DIV/0!,-0.15,0.00,-0.10,-0.47,#DIV/0!,#DIV/0!,-0.05,-0.12,-0.07,-0.28,-0.31,-0.25,-0.13,#DIV/0!,-0.22,-0.37,-0.045,-0.021,0.000,-0.046,0.001,-0.047,-0.116,0.000,0.000,-0.019,-0.019,-0.021,-0.041,-0.215,-0.038,-0.082,0.000,-0.183,-0.104
Doc-Title,DocTitle,MoCo,MoCo-DocTitle,wikipsg.seed477.moco-2e14.contriever-256-Qtitle1.bert-base-uncased.avg.dot.qd128.step200k.bs1024.lr5e5,ndcg@10,0.120,0.423,0.000,0.230,0.145,0.347,0.071,0.000,0.000,0.319,0.080,0.229,0.101,0.197,0.046,0.477,0.000,0.724,0.143,-0.42,0.54,#DIV/0!,-0.28,-0.43,-0.28,-0.71,#DIV/0!,#DIV/0!,-0.16,-0.52,-0.21,-0.33,-0.71,-0.70,-0.27,#DIV/0!,-0.13,-0.50,-0.086,0.149,0.000,-0.088,-0.109,-0.133,-0.174,0.000,0.000,-0.060,-0.087,-0.063,-0.049,-0.485,-0.109,-0.173,0.000,-0.111,-0.141
Doc-Title,DocTitle+RC,MoCo,MoCo-DocTitle,wikipsg.seed477.moco-2e14.contriever-256-Qtitle50.bert-base-uncased.avg.dot.qd128.step200k.bs1024.lr5e5,ndcg@10,0.185,0.404,0.000,0.268,0.278,0.474,0.158,0.000,0.000,0.380,0.107,0.280,0.129,0.498,0.138,0.603,0.000,0.767,0.229,-0.10,0.47,#DIV/0!,-0.16,0.10,-0.01,-0.35,#DIV/0!,#DIV/0!,0.00,-0.36,-0.04,-0.14,-0.27,-0.11,-0.07,#DIV/0!,-0.08,-0.19,-0.020,0.129,0.000,-0.050,0.025,-0.007,-0.087,0.000,0.000,0.000,-0.059,-0.012,-0.021,-0.184,-0.017,-0.046,0.000,-0.068,-0.055
,,,,,,,,,,,,,,,,,,,,,,,,,,,,,,,,,,,,,,,,,,,,,,,,,,,,,,,,,,,,,,
Doc-Anchor,DocPhrase,Inbatch,Inbatch-DocPhrase,wiki.extphrase3.seed477.inbatch.bert-base-uncased.avg.dot.d128d256.step100k.bs1024.lr5e5,ndcg@10,0.140,0.238,0.000,0.137,0.202,0.320,0.094,0.000,0.000,0.432,0.029,0.192,0.081,0.233,0.108,0.524,0.000,0.768,0.181,-0.32,-0.13,#DIV/0!,-0.57,-0.20,-0.33,-0.62,#DIV/0!,#DIV/0!,0.14,-0.82,-0.34,-0.45,-0.66,-0.30,-0.19,#DIV/0!,-0.08,-0.36,-0.066,-0.036,0.000,-0.180,-0.051,-0.161,-0.151,0.000,0.000,0.053,-0.137,-0.099,-0.068,-0.449,-0.047,-0.125,0.000,-0.067,-0.103
Doc-Anchor,DocPhrase,Inbatch,Inbatch-DocPhrase,wiki.extphrase3-50.seed477.inbatch.bert-base-uncased.avg.dot.d128d256.step100k.bs1024.lr5e5,ndcg@10,0.159,0.282,0.000,0.262,0.217,0.371,0.122,0.000,0.000,0.368,0.079,0.279,0.112,0.199,0.097,0.581,0.000,0.736,0.181,-0.23,0.03,#DIV/0!,-0.17,-0.15,-0.23,-0.50,#DIV/0!,#DIV/0!,-0.03,-0.53,-0.04,-0.25,-0.71,-0.37,-0.11,#DIV/0!,-0.12,-0.36,-0.047,0.008,0.000,-0.055,-0.037,-0.110,-0.123,0.000,0.000,-0.012,-0.088,-0.012,-0.037,-0.484,-0.058,-0.068,0.000,-0.099,-0.103
Doc-Anchor,DocPhrase+RC,MoCo,MoCo-DocPhrase,wiki.extphrase3.seed477.moco-2e14.bert-base-uncased.avg.dot.q128d256.step100k.bs1024.lr5e5,ndcg@10,0.175,0.355,0.000,0.228,0.251,0.421,0.138,0.000,0.000,0.385,0.069,0.220,0.121,0.405,0.157,0.609,0.000,0.767,0.208,-0.15,0.29,#DIV/0!,-0.28,-0.01,-0.12,-0.43,#DIV/0!,#DIV/0!,0.01,-0.59,-0.25,-0.19,-0.41,0.01,-0.06,#DIV/0!,-0.08,-0.27,-0.031,0.081,0.000,-0.089,-0.003,-0.060,-0.107,0.000,0.000,0.005,-0.098,-0.072,-0.028,-0.277,0.002,-0.040,0.000,-0.068,-0.077
Doc-Anchor,DocPhrase+RC,MoCo,MoCo-DocPhrase,wiki.extphrase3-50.seed477.moco-2e14.bert-base-uncased.avg.dot.q128d256.step100k.bs1024.lr5e5,ndcg@10,0.180,0.407,0.000,0.268,0.284,0.455,0.148,0.000,0.000,0.363,0.148,0.301,0.130,0.467,0.171,0.599,0.000,0.763,0.224,-0.13,0.48,#DIV/0!,-0.15,0.12,-0.05,-0.40,#DIV/0!,#DIV/0!,-0.04,-0.12,0.03,-0.13,-0.32,0.11,-0.08,#DIV/0!,-0.09,-0.21,-0.026,0.133,0.000,-0.049,0.031,-0.026,-0.097,0.000,0.000,-0.016,-0.019,0.009,-0.019,-0.215,0.016,-0.051,0.000,-0.072,-0.060
,,,,,,,,,,,,,,,,,,,,,,,,,,,,,,,,,,,,,,,,,,,,,,,,,,,,,,,,,,,,,,
QExt-Self,QExt-SelfDot,Inbatch,Inbatch-QExtSelfdot,wiki.ExtQ-selfdot-chunk16.seed477.inbatch.contriever256-special.bert-base-uncased.avg.dot.q128d256.step100k.bs1024.lr5e5,ndcg@10,0.114,0.302,0.000,0.164,0.191,0.390,0.118,0.000,0.000,0.088,0.023,0.126,0.095,0.372,0.141,0.596,0.000,0.712,0.199,-0.44,0.10,#DIV/0!,-0.48,-0.25,-0.19,-0.52,#DIV/0!,#DIV/0!,-0.77,-0.86,-0.57,-0.36,-0.45,-0.09,-0.08,#DIV/0!,-0.15,-0.30,-0.091,0.027,0.000,-0.153,-0.062,-0.091,-0.127,0.000,0.000,-0.292,-0.144,-0.165,-0.054,-0.310,-0.014,-0.053,0.000,-0.123,-0.085
QExt-Self,QExt-self+RC,Inbatch,Inbatch-QExtSelfdot,wiki.ExtQ50-selfdot-chunk16.seed477.inbatch.contriever256-special.bert-base-uncased.avg.dot.q128d256.step100k.bs1024.lr5e5,ndcg@10,0.146,0.259,0.000,0.156,0.221,0.360,0.113,0.000,0.000,0.367,0.035,0.208,0.090,0.325,0.132,0.547,0.000,0.772,0.202,-0.29,-0.06,#DIV/0!,-0.51,-0.13,-0.25,-0.54,#DIV/0!,#DIV/0!,-0.03,-0.79,-0.28,-0.40,-0.52,-0.15,-0.16,#DIV/0!,-0.08,-0.29,-0.060,-0.016,0.000,-0.161,-0.032,-0.121,-0.132,0.000,0.000,-0.012,-0.132,-0.083,-0.059,-0.357,-0.023,-0.103,0.000,-0.063,-0.082
QExt-Self,QExt-selfdot,MoCo,MoCo-QExtSelfdot,wiki.ExtQ-selfdot-chunk16.seed477.moco-2e14.contriever256-special.bert-base-uncased.avg.dot.q128d256.step100k.bs1024.lr5e5,ndcg@10,0.099,0.291,0.000,0.161,0.140,0.281,0.091,0.000,0.000,0.022,0.044,0.187,0.080,0.187,0.108,0.384,0.000,0.693,0.149,-0.52,0.06,#DIV/0!,-0.49,-0.45,-0.41,-0.63,#DIV/0!,#DIV/0!,-0.94,-0.74,-0.36,-0.47,-0.73,-0.30,-0.41,#DIV/0!,-0.17,-0.48,-0.107,0.016,0.000,-0.156,-0.114,-0.199,-0.154,0.000,0.000,-0.357,-0.123,-0.104,-0.070,-0.496,-0.047,-0.265,0.000,-0.142,-0.135
QExt-Self,QExt-selfdot+RC,MoCo,MoCo-QExtSelfdot,wiki.ExtQ50-selfdot-chunk16.seed477.moco-2e14.contriever256-special.bert-base-uncased.avg.dot.q128d256.step100k.bs1024.lr5e5,ndcg@10,0.122,0.278,0.000,0.143,0.170,0.312,0.087,0.000,0.000,0.297,0.045,0.194,0.085,0.201,0.108,0.404,0.000,0.686,0.141,-0.41,0.01,#DIV/0!,-0.55,-0.33,-0.35,-0.64,#DIV/0!,#DIV/0!,-0.22,-0.73,-0.33,-0.43,-0.71,-0.31,-0.38,#DIV/0!,-0.18,-0.50,-0.084,0.004,0.000,-0.174,-0.084,-0.169,-0.158,0.000,0.000,-0.082,-0.121,-0.098,-0.064,-0.482,-0.047,-0.245,0.000,-0.149,-0.143
,,,,,,,,,,,,,,,,,,,,,,,,,,,,,,,,,,,,,,,,,,,,,,,,,,,,,,,,,,,,,,
QExt-BM25,QExt-bm25,Inbatch,Inbatch-QExtBM25,wiki.ExtQ-bm25-chunk16.seed477.inbatch.contriever256-special.bert-base-uncased.avg.dot.q128d256.step100k.bs1024.lr5e5,ndcg@10,0.114,0.302,0.000,0.164,0.191,0.390,0.118,0.000,0.000,0.088,0.023,0.126,0.095,0.372,0.141,0.596,0.000,0.712,0.199,-0.44,0.10,#DIV/0!,-0.48,-0.25,-0.19,-0.52,#DIV/0!,#DIV/0!,-0.77,-0.86,-0.57,-0.36,-0.45,-0.09,-0.08,#DIV/0!,-0.15,-0.30,-0.091,0.027,0.000,-0.153,-0.062,-0.091,-0.127,0.000,0.000,-0.292,-0.144,-0.165,-0.054,-0.310,-0.014,-0.053,0.000,-0.123,-0.085
QExt-BM25,QExt-bm25+RC,Inbatch,Inbatch-QExtBM25,wiki.ExtQ50-bm25-chunk16.seed477.inbatch.contriever256-special.bert-base-uncased.avg.dot.q128d256.step100k.bs1024.lr5e5,ndcg@10,0.153,0.282,0.000,0.180,0.223,0.353,0.128,0.000,0.000,0.278,0.034,0.181,0.097,0.276,0.124,0.580,0.000,0.769,0.214,-0.26,0.03,#DIV/0!,-0.43,-0.12,-0.27,-0.48,#DIV/0!,#DIV/0!,-0.27,-0.79,-0.38,-0.35,-0.60,-0.20,-0.11,#DIV/0!,-0.08,-0.25,-0.053,0.007,0.000,-0.137,-0.030,-0.128,-0.117,0.000,0.000,-0.102,-0.133,-0.111,-0.052,-0.406,-0.031,-0.069,0.000,-0.066,-0.071
QExt-BM25,QExt-bm25,MoCo,MoCo-QExtBM25,wiki.ExtQ-bm25-chunk16.seed477.moco-2e14.contriever256-special.bert-base-uncased.avg.dot.q128d256.step100k.bs1024.lr5e5,ndcg@10,0.158,0.195,0.000,0.215,0.183,0.366,0.097,0.000,0.000,0.162,0.035,0.196,0.101,0.213,0.071,0.526,0.000,0.660,0.218,-0.23,-0.29,#DIV/0!,-0.32,-0.28,-0.24,-0.60,#DIV/0!,#DIV/0!,-0.57,-0.79,-0.33,-0.32,-0.69,-0.54,-0.19,#DIV/0!,-0.21,-0.23,-0.047,-0.079,0.000,-0.103,-0.071,-0.114,-0.148,0.000,0.000,-0.218,-0.132,-0.095,-0.048,-0.469,-0.084,-0.124,0.000,-0.175,-0.066
QExt-BM25,QExt-bm25+RC,MoCo,MoCo-QExtBM25,wiki.ExtQ50-bm25-chunk16.seed477.moco-2e14.contriever256-special.bert-base-uncased.avg.dot.q128d256.step100k.bs1024.lr5e5,ndcg@10,0.171,0.292,0.000,0.253,0.243,0.409,0.150,0.000,0.000,0.356,0.090,0.175,0.126,0.269,0.167,0.585,0.000,0.759,0.226,-0.17,0.06,#DIV/0!,-0.20,-0.04,-0.15,-0.39,#DIV/0!,#DIV/0!,-0.06,-0.46,-0.40,-0.15,-0.61,0.08,-0.10,#DIV/0!,-0.09,-0.20,-0.035,0.018,0.000,-0.064,-0.011,-0.071,-0.095,0.000,0.000,-0.024,-0.077,-0.116,-0.023,-0.413,0.012,-0.065,0.000,-0.076,-0.058
,,,,,,,,,,,,,,,,,,,,,,,,,,,,,,,,,,,,,,,,,,,,,,,,,,,,,,,,,,,,,,
QExt-PLM,QExt-plm,Inbatch,Inbatch-QExtPLM,wiki.ExtQ-plm-chunk16.seed477.inbatch.contriever256-special.bert-base-uncased.avg.dot.qd128.step100k.bs1024.lr5e5,ndcg@10,0.150,0.284,0.000,0.151,0.268,0.312,0.141,0.000,0.000,0.039,0.089,0.169,0.106,0.458,0.124,0.570,0.000,0.764,0.212,-0.27,0.03,#DIV/0!,-0.52,0.06,-0.35,-0.42,#DIV/0!,#DIV/0!,-0.90,-0.47,-0.42,-0.29,-0.33,-0.20,-0.12,#DIV/0!,-0.08,-0.25,-0.056,0.009,0.000,-0.166,0.014,-0.168,-0.104,0.000,0.000,-0.341,-0.078,-0.122,-0.043,-0.224,-0.031,-0.079,0.000,-0.071,-0.072
QExt-PLM,QExt-plm+RC,Inbatch,Inbatch-QExtPLM,wiki.ExtQ50-plm-chunk16.seed477.inbatch.contriever256-special.bert-base-uncased.avg.dot.qd128.step100k.bs1024.lr5e5,ndcg@10,0.151,0.280,0.000,0.218,0.250,0.348,0.128,0.000,0.000,0.111,0.081,0.216,0.104,0.397,0.138,0.571,0.000,0.771,0.218,-0.26,0.02,#DIV/0!,-0.31,-0.01,-0.28,-0.48,#DIV/0!,#DIV/0!,-0.71,-0.52,-0.26,-0.30,-0.42,-0.11,-0.12,#DIV/0!,-0.08,-0.23,-0.054,0.005,0.000,-0.100,-0.004,-0.132,-0.117,0.000,0.000,-0.269,-0.086,-0.076,-0.045,-0.285,-0.017,-0.079,0.000,-0.064,-0.066
QExt-PLM,QExt-plm,MoCo,MoCo-QExtPLM,wiki.ExtQ-plm-chunk16.seed477.moco-2e14.contriever256-special.bert-base-uncased.avg.dot.q128d256.step100k.bs1024.lr5e5,ndcg@10,0.167,0.260,0.000,0.241,0.231,0.345,0.128,0.000,0.000,0.445,0.119,0.223,0.115,0.267,0.106,0.574,0.000,0.786,0.213,-0.19,-0.05,#DIV/0!,-0.24,-0.09,-0.28,-0.48,#DIV/0!,#DIV/0!,0.17,-0.28,-0.24,-0.23,-0.61,-0.31,-0.12,#DIV/0!,-0.06,-0.25,-0.039,-0.015,0.000,-0.076,-0.023,-0.136,-0.117,0.000,0.000,0.065,-0.048,-0.069,-0.034,-0.415,-0.049,-0.076,0.000,-0.049,-0.071
QExt-PLM,QExt-plm+RC,MoCo,MoCo-QExtPLM,wiki.ExtQ50-plm-chunk16.seed477.moco-2e14.contriever256-special.bert-base-uncased.avg.dot.q128d256.step100k.bs1024.lr5e5,ndcg@10,0.186,0.440,0.000,0.265,0.286,0.448,0.155,0.000,0.000,0.323,0.150,0.246,0.121,0.530,0.208,0.609,0.000,0.786,0.230,-0.10,0.60,#DIV/0!,-0.16,0.13,-0.07,-0.37,#DIV/0!,#DIV/0!,-0.15,-0.10,-0.16,-0.19,-0.22,0.34,-0.06,#DIV/0!,-0.06,-0.19,-0.020,0.166,0.000,-0.052,0.032,-0.033,-0.090,0.000,0.000,-0.056,-0.017,-0.045,-0.028,-0.153,0.053,-0.040,0.000,-0.049,-0.054
,,,,,,,,,,,,,,,,,,,,,,,,,,,,,,,,,,,,,,,,,,,,,,,,,,,,,,,,,,,,,,
TQGen-Topic(Wiki),TQGen-topic,Inbatch,Inbatch-TQGenTopic,wiki.T03b_topic.seed477.inbatch.bert-base-uncased.avg.dot.q128d256.step100k.bs1024.lr5e5,ndcg@10,0.213,0.624,0.000,0.303,0.297,0.543,0.212,0.000,0.000,0.328,0.214,0.316,0.135,0.677,0.159,0.609,0.000,0.769,0.258,0.04,1.27,#DIV/0!,-0.05,0.17,0.13,-0.14,#DIV/0!,#DIV/0!,-0.14,0.29,0.08,-0.10,-0.01,0.02,-0.06,#DIV/0!,-0.08,-0.09,0.007,0.349,0.000,-0.015,0.044,0.062,-0.033,0.000,0.000,-0.052,0.048,0.024,-0.014,-0.005,0.004,-0.040,0.000,-0.066,-0.026
TQGen-Topic(Wiki),TQGen-topic+RC,Inbatch,Inbatch-TQGenTopic,wiki_T03b_topic50.seed477.inbatch.bert-base-uncased.avg.dot.q128d256.step100k.bs1024.lr5e5,ndcg@10,0.215,0.562,0.000,0.300,0.312,0.522,0.229,0.000,0.000,0.420,0.171,0.307,0.139,0.563,0.142,0.636,0.000,0.785,0.265,0.05,1.05,#DIV/0!,-0.05,0.23,0.09,-0.07,#DIV/0!,#DIV/0!,0.11,0.02,0.05,-0.07,-0.18,-0.08,-0.02,#DIV/0!,-0.06,-0.07,0.010,0.287,0.000,-0.017,0.058,0.041,-0.016,0.000,0.000,0.041,0.004,0.015,-0.011,-0.119,-0.013,-0.013,0.000,-0.050,-0.019
TQGen-Topic(Wiki),TQGen-topic,MoCo,MoCo-TQGenTopic,wiki.T03b_topic.seed477.moco-2e14.bert-base-uncased.avg.dot.q128d256.step100k.bs1024.lr5e5,ndcg@10,0.154,0.511,0.000,0.248,0.160,0.394,0.138,0.000,0.000,0.329,0.099,0.226,0.119,0.303,0.122,0.498,0.000,0.760,0.171,-0.25,0.86,#DIV/0!,-0.22,-0.37,-0.18,-0.44,#DIV/0!,#DIV/0!,-0.13,-0.41,-0.23,-0.20,-0.56,-0.21,-0.23,#DIV/0!,-0.09,-0.40,-0.052,0.236,0.000,-0.069,-0.093,-0.087,-0.107,0.000,0.000,-0.050,-0.068,-0.066,-0.030,-0.379,-0.033,-0.152,0.000,-0.075,-0.113
TQGen-Topic(Wiki),TQGen-topic+RC,MoCo,MoCo-TQGenTopic,wiki.T03b_topic50.seed477.moco-2e14.contriever256-special50.bert-base-uncased.avg.dot.q128d256.step100k.bs1024.lr5e5,ndcg@10,0.213,0.621,0.000,0.276,0.299,0.539,0.208,0.000,0.000,0.392,0.189,0.298,0.138,0.557,0.151,0.645,0.000,0.802,0.255,0.04,1.26,#DIV/0!,-0.13,0.18,0.12,-0.15,#DIV/0!,#DIV/0!,0.03,0.13,0.02,-0.08,-0.18,-0.03,-0.01,#DIV/0!,-0.04,-0.10,0.008,0.347,0.000,-0.041,0.045,0.058,-0.037,0.000,0.000,0.013,0.022,0.006,-0.012,-0.125,-0.004,-0.005,0.000,-0.033,-0.030
,,,,wiki_T03b_topic50.seed477.moco-2e14.contriever-256.bert-base-uncased.avg.dot.maxlen256.step100k.bs1024.lr5e5,ndcg@10,0.211,0.655,0.000,0.285,0.296,0.535,0.188,0.000,0.000,0.396,0.233,0.305,0.141,0.557,0.173,0.626,0.000,0.800,0.257,,,,,,,,,,,,,,,,,,,,0.005,0.381,0.000,-0.032,0.043,0.054,-0.056,0.000,0.000,0.016,0.066,0.013,-0.008,-0.125,0.018,-0.023,0.000,-0.035,-0.027
,,,,,,,,,,,,,,,,,,,,,,,,,,,,,,,,,,,,,,,,,,,,,,,,,,,,,,,,,,,,,,
TQGen-Title,TQGen-title,Inbatch,Inbatch-TQGenTitle,wiki.T03b_title.seed477.inbatch.bert-base-uncased.avg.dot.q128d256.step100k.bs1024.lr5e5,ndcg@10,0.208,0.586,0.000,0.301,0.310,0.520,0.226,0.000,0.000,0.320,0.204,0.304,0.142,0.697,0.165,0.616,0.000,0.782,0.258,0.01,1.13,#DIV/0!,-0.05,0.22,0.08,-0.08,#DIV/0!,#DIV/0!,-0.16,0.22,0.04,-0.05,0.02,0.07,-0.05,#DIV/0!,-0.06,-0.09,0.003,0.311,0.000,-0.016,0.057,0.039,-0.019,0.000,0.000,-0.059,0.037,0.012,-0.007,0.015,0.010,-0.034,0.000,-0.053,-0.026
TQGen-Title,TQGen-title+RC,Inbatch,Inbatch-TQGenTitle,wiki_T03b_title50.seed477.inbatch.bert-base-uncased.avg.dot.maxlen256.step100k.bs1024.lr5e5,ndcg@10,0.209,0.493,0.000,0.288,0.307,0.451,0.227,0.000,0.000,0.397,0.137,0.282,0.144,0.586,0.150,0.642,0.000,0.773,0.258,0.02,0.80,#DIV/0!,-0.09,0.21,-0.06,-0.07,#DIV/0!,#DIV/0!,0.05,-0.18,-0.03,-0.03,-0.14,-0.03,-0.01,#DIV/0!,-0.07,-0.09,0.003,0.219,0.000,-0.030,0.054,-0.030,-0.018,0.000,0.000,0.017,-0.030,-0.010,-0.005,-0.096,-0.005,-0.007,0.000,-0.062,-0.027
TQGen-Title,TQGen-title,MoCo,MoCo-TQGenTitle,wiki.T03b_title.seed477.moco-2e14.bert-base-uncased.avg.dot.q128d256.step100k.bs1024.lr5e5,ndcg@10,0.185,0.611,0.000,0.247,0.214,0.462,0.148,0.000,0.000,0.278,0.134,0.233,0.124,0.353,0.128,0.546,0.000,0.744,0.198,-0.10,1.22,#DIV/0!,-0.22,-0.16,-0.04,-0.40,#DIV/0!,#DIV/0!,-0.27,-0.20,-0.20,-0.17,-0.48,-0.17,-0.16,#DIV/0!,-0.11,-0.30,-0.021,0.336,0.000,-0.071,-0.039,-0.019,-0.097,0.000,0.000,-0.101,-0.033,-0.058,-0.025,-0.330,-0.027,-0.103,0.000,-0.091,-0.086
TQGen-Title,TQGen-title+RC,MoCo,MoCo-TQGenTitle,wiki_T03b_title50.seed477.moco-2e14.contriever-256.bert-base-uncased.avg.dot.maxlen256.step100k.bs1024.lr5e5,ndcg@10,0.216,0.645,0.000,0.278,0.299,0.521,0.203,0.000,0.000,0.377,0.237,0.287,0.136,0.569,0.178,0.634,0.000,0.777,0.251,0.05,1.35,#DIV/0!,-0.12,0.18,0.08,-0.17,#DIV/0!,#DIV/0!,-0.01,0.42,-0.02,-0.09,-0.17,0.15,-0.02,#DIV/0!,-0.07,-0.12,0.010,0.370,0.000,-0.040,0.045,0.040,-0.042,0.000,0.000,-0.002,0.070,-0.005,-0.013,-0.114,0.023,-0.016,0.000,-0.058,-0.033
,,,,,,,,,,,,,,,,,,,,,,,,,,,,,,,,,,,,,,,,,,,,,,,,,,,,,,,,,,,,,,
TQGen-AbSum,TQGen-absum,Inbatch,Inbatch-TQGenAbSum,wiki.T03b_absum.seed477.inbatch.bert-base-uncased.avg.dot.q128d256.step100k.bs1024.lr5e5,ndcg@10,0.174,0.512,0.000,0.277,0.272,0.468,0.208,0.000,0.000,0.353,0.155,0.265,0.141,0.640,0.161,0.605,0.000,0.778,0.253,-0.15,0.86,#DIV/0!,-0.13,0.07,-0.03,-0.15,#DIV/0!,#DIV/0!,-0.07,-0.07,-0.09,-0.05,-0.06,0.04,-0.07,#DIV/0!,-0.07,-0.11,-0.031,0.237,0.000,-0.040,0.018,-0.013,-0.037,0.000,0.000,-0.026,-0.012,-0.027,-0.008,-0.042,0.006,-0.044,0.000,-0.057,-0.031
TQGen-AbSum,TQGen-absum+RC,Inbatch,Inbatch-TQGenAbSum,wiki_T03b_absum50.seed477.inbatch.bert-base-uncased.avg.dot.maxlen256.step100k.bs1024.lr5e5,ndcg@10,0.170,0.401,0.000,0.262,0.256,0.417,0.187,0.000,0.000,0.407,0.131,0.245,0.137,0.535,0.152,0.606,0.000,0.773,0.250,-0.17,0.46,#DIV/0!,-0.17,0.01,-0.13,-0.24,#DIV/0!,#DIV/0!,0.07,-0.22,-0.16,-0.08,-0.22,-0.02,-0.07,#DIV/0!,-0.07,-0.12,-0.036,0.126,0.000,-0.055,0.002,-0.064,-0.058,0.000,0.000,0.027,-0.036,-0.046,-0.012,-0.147,-0.003,-0.044,0.000,-0.062,-0.034
TQGen-AbSum,TQGen-absum,MoCo,MoCo-TQGenAbSum,wiki.T03b_absum.seed477.moco-2e14.bert-base-uncased.avg.dot.q128d256.step100k.bs1024.lr5e5,ndcg@10,0.212,0.533,0.000,0.253,0.259,0.456,0.173,0.000,0.000,0.412,0.157,0.247,0.136,0.405,0.157,0.598,0.000,0.710,0.212,0.03,0.94,#DIV/0!,-0.20,0.02,-0.05,-0.29,#DIV/0!,#DIV/0!,0.09,-0.06,-0.15,-0.09,-0.41,0.01,-0.08,#DIV/0!,-0.15,-0.25,0.007,0.259,0.000,-0.064,0.006,-0.025,-0.072,0.000,0.000,0.033,-0.010,-0.045,-0.013,-0.277,0.002,-0.051,0.000,-0.125,-0.072
TQGen-AbSum,TQGen-absum+RC,MoCo,MoCo-TQGenAbSum,wiki_T03b_absum50.seed477.moco-2e14.contriever-256.bert-base-uncased.avg.dot.maxlen256.step100k.bs1024.lr5e5,ndcg@10,0.212,0.613,0.000,0.255,0.310,0.522,0.197,0.000,0.000,0.382,0.201,0.274,0.134,0.560,0.191,0.615,0.000,0.730,0.224,0.03,1.23,#DIV/0!,-0.19,0.22,0.09,-0.20,#DIV/0!,#DIV/0!,0.01,0.21,-0.06,-0.10,-0.18,0.23,-0.05,#DIV/0!,-0.13,-0.21,0.007,0.338,0.000,-0.062,0.056,0.042,-0.048,0.000,0.000,0.003,0.035,-0.018,-0.015,-0.122,0.036,-0.034,0.000,-0.106,-0.060
,,,,,,,,,,,,,,,,,,,,,,,,,,,,,,,,,,,,,,,,,,,,,,,,,,,,,,,,,,,,,,
TQGen-ExSum,TQGen-exsum,Inbatch,Inbatch-TQGenExSum,wiki.T03b_exsum.seed477.inbatch.bert-base-uncased.avg.dot.maxlen256.step100k.bs1024.lr5e5,ndcg@10,0.182,0.464,0.000,0.279,0.307,0.467,0.209,0.000,0.000,0.343,0.138,0.273,0.140,0.678,0.164,0.618,0.000,0.794,0.266,-0.11,0.69,#DIV/0!,-0.12,0.21,-0.03,-0.14,#DIV/0!,#DIV/0!,-0.10,-0.17,-0.06,-0.06,-0.01,0.06,-0.05,#DIV/0!,-0.05,-0.06,-0.023,0.190,0.000,-0.038,0.053,-0.014,-0.035,0.000,0.000,-0.037,-0.029,-0.019,-0.009,-0.004,0.009,-0.031,0.000,-0.041,-0.018
TQGen-ExSum,TQGen-exsum+RC,Inbatch,Inbatch-TQGenExSum,wiki_T03b_exsum50.seed77.inbatch.bert-base-uncased.avg.dot.q128d256.step100k.bs1024.lr5e5,ndcg@10,0.176,0.380,0.000,0.265,0.261,0.391,0.201,0.000,0.000,0.400,0.130,0.250,0.133,0.539,0.137,0.609,0.000,0.792,0.256,-0.14,0.38,#DIV/0!,-0.17,0.03,-0.19,-0.18,#DIV/0!,#DIV/0!,0.06,-0.22,-0.14,-0.10,-0.21,-0.12,-0.06,#DIV/0!,-0.05,-0.10,-0.029,0.105,0.000,-0.053,0.007,-0.090,-0.044,0.000,0.000,0.021,-0.037,-0.042,-0.016,-0.143,-0.018,-0.041,0.000,-0.043,-0.028
TQGen-ExSum,TQGen-exsum,MoCo,MoCo-TQGenExSum,wiki.T03b_exsum.seed477.moco-2e14.contriever256.bert-base-uncased.avg.dot.q128d256.step100k.bs1024.lr5e5,ndcg@10,0.228,0.608,0.000,0.267,0.311,0.519,0.187,0.000,0.000,0.365,0.162,0.285,0.136,0.479,0.158,0.645,0.000,0.736,0.232,0.11,1.21,#DIV/0!,-0.16,0.22,0.08,-0.24,#DIV/0!,#DIV/0!,-0.04,-0.03,-0.02,-0.09,-0.30,0.02,-0.01,#DIV/0!,-0.12,-0.18,0.023,0.333,0.000,-0.050,0.057,0.038,-0.058,0.000,0.000,-0.014,-0.004,-0.007,-0.013,-0.204,0.003,-0.005,0.000,-0.099,-0.052
TQGen-ExSum,TQGen-exsum+RC,MoCo,MoCo-TQGenExSum,wiki_T03b_exsum50.seed477.moco-2e14.contriever-256.bert-base-uncased.avg.dot.maxlen256.step100k.bs1024.lr5e5,ndcg@10,0.225,0.579,0.000,0.270,0.326,0.549,0.194,0.000,0.000,0.399,0.176,0.304,0.134,0.576,0.175,0.627,0.000,0.750,0.243,0.09,1.11,#DIV/0!,-0.15,0.28,0.14,-0.21,#DIV/0!,#DIV/0!,0.05,0.05,0.04,-0.10,-0.16,0.13,-0.03,#DIV/0!,-0.10,-0.14,0.019,0.304,0.000,-0.047,0.072,0.068,-0.051,0.000,0.000,0.019,0.009,0.013,-0.015,-0.106,0.020,-0.023,0.000,-0.085,-0.041
,,,,,,,,,,,,,,,,,,,,,,,,,,,,,,,,,,,,,,,,,,,,,,,,,,,,,,,,,,,,,,
QGen-D2Q(Wiki),QGen-d2q,Inbatch,Inbatch-QGenD2Q,wiki.doc2query-t2q.seed477.inbatch.bert-base-uncased.avg.dot.q128d256.step100k.bs1024.lr5e5,ndcg@10,0.254,0.583,0.000,0.261,0.398,0.553,0.236,0.000,0.000,0.289,0.172,0.310,0.117,0.679,0.217,0.592,0.000,0.777,0.204,0.23,1.12,#DIV/0!,-0.18,0.57,0.15,-0.04,#DIV/0!,#DIV/0!,-0.24,0.03,0.06,-0.21,0.00,0.40,-0.09,#DIV/0!,-0.07,-0.28,0.048,0.309,0.000,-0.056,0.145,0.072,-0.009,0.000,0.000,-0.090,0.006,0.018,-0.032,-0.003,0.062,-0.058,0.000,-0.058,-0.080
QGen-D2Q(Wiki),QGen-d2q+RC,Inbatch,Inbatch-QGenD2Q,wiki_doc2query50.seed477.inbatch.bert-base-uncased.avg.dot.maxlen256.step100k.bs1024.lr5e5,ndcg@10,0.235,0.531,0.000,0.227,0.396,0.545,0.225,0.000,0.000,0.410,0.147,0.273,0.109,0.440,0.131,0.600,0.000,0.629,0.228,0.14,0.93,#DIV/0!,-0.28,0.56,0.13,-0.08,#DIV/0!,#DIV/0!,0.08,-0.12,-0.06,-0.27,-0.36,-0.16,-0.08,#DIV/0!,-0.25,-0.20,0.029,0.257,0.000,-0.090,0.143,0.065,-0.020,0.000,0.000,0.030,-0.020,-0.019,-0.040,-0.243,-0.024,-0.049,0.000,-0.206,-0.056
QGen-D2Q(Wiki),QGen-d2q,MoCo,MoCo-QGenD2Q,wiki.doc2query-t2q.seed477.moco-2e14.bert-base-uncased.avg.dot.q128d256.step100k.bs1024.lr5e5,ndcg@10,0.163,0.425,0.000,0.197,0.198,0.380,0.123,0.000,0.000,0.325,0.083,0.251,0.097,0.266,0.109,0.464,0.000,0.753,0.177,-0.21,0.55,#DIV/0!,-0.38,-0.22,-0.21,-0.50,#DIV/0!,#DIV/0!,-0.14,-0.50,-0.14,-0.35,-0.61,-0.30,-0.29,#DIV/0!,-0.10,-0.38,-0.043,0.150,0.000,-0.120,-0.056,-0.101,-0.122,0.000,0.000,-0.054,-0.084,-0.041,-0.052,-0.417,-0.046,-0.185,0.000,-0.082,-0.107
QGen-D2Q(Wiki),QGen-d2q+RC,MoCo,MoCo-QGenD2Q,wiki_doc2query50.seed477.moco-2e14.contriever-256.bert-base-uncased.avg.dot.maxlen256.step100k.bs1024.lr5e5,ndcg@10,0.237,0.649,0.000,0.262,0.359,0.553,0.221,0.000,0.000,0.368,0.211,0.281,0.128,0.503,0.179,0.623,0.000,0.799,0.254,0.15,1.36,#DIV/0!,-0.17,0.41,0.15,-0.10,#DIV/0!,#DIV/0!,-0.03,0.26,-0.04,-0.14,-0.26,0.16,-0.04,#DIV/0!,-0.04,-0.11,0.031,0.374,0.000,-0.055,0.105,0.072,-0.024,0.000,0.000,-0.012,0.044,-0.010,-0.021,-0.180,0.024,-0.027,0.000,-0.036,-0.030
,,,,,,,,,,,,,,,,,,,,,,,,,,,,,,,,,,,,,,,,,,,,,,,,,,,,,,,,,,,,,,
QGen-PAQ,QGen-paq,Inbatch,Inbatch-QGenPAQ,paq-cropdoc.seed477.inbatch.bert-base-uncased.avg.dot.q128d256.step100k.bs1024.lr5e5,ndcg@10,0.223,0.493,0.000,0.193,0.426,0.559,0.164,0.000,0.000,0.020,0.128,0.241,0.103,0.422,0.105,0.550,0.000,0.740,0.201,0.09,0.80,#DIV/0!,-0.39,0.68,0.16,-0.33,#DIV/0!,#DIV/0!,-0.95,-0.23,-0.17,-0.31,-0.38,-0.32,-0.15,#DIV/0!,-0.11,-0.29,0.018,0.218,0.000,-0.124,0.172,0.078,-0.081,0.000,0.000,-0.360,-0.039,-0.050,-0.047,-0.260,-0.050,-0.099,0.000,-0.095,-0.083
QGen-PAQ,QGen-paq+RC,Inbatch,Inbatch-QGenPAQ,paq-cropdoc.seed477.moco-2e14.bert-base-uncased.avg.dot.q128d256.step100k.bs1024.lr5e5,ndcg@10,0.191,0.259,0.000,0.250,0.260,0.468,0.152,0.000,0.000,0.395,0.126,0.267,0.111,0.350,0.108,0.529,0.000,0.811,0.199,-0.07,-0.06,#DIV/0!,-0.21,0.02,-0.03,-0.38,#DIV/0!,#DIV/0!,0.04,-0.24,-0.08,-0.25,-0.49,-0.30,-0.19,#DIV/0!,-0.03,-0.30,-0.015,-0.016,0.000,-0.067,0.006,-0.013,-0.093,0.000,0.000,0.015,-0.041,-0.024,-0.038,-0.332,-0.047,-0.120,0.000,-0.024,-0.085
QGen-PAQ,QGen-paq,MoCo,MoCo-QGenPAQ,paq50.seed477.inbatch.bert-base-uncased.avg.dot.q128d256.step100k.bs1024.lr5e5,ndcg@10,0.214,0.372,0.000,0.249,0.366,0.523,0.164,0.000,0.000,0.104,0.165,0.288,0.102,0.455,0.088,0.597,0.000,0.749,0.237,0.04,0.35,#DIV/0!,-0.22,0.44,0.09,-0.33,#DIV/0!,#DIV/0!,-0.73,-0.01,-0.01,-0.31,-0.33,-0.43,-0.08,#DIV/0!,-0.10,-0.17,0.009,0.097,0.000,-0.068,0.112,0.042,-0.081,0.000,0.000,-0.276,-0.002,-0.004,-0.047,-0.228,-0.067,-0.053,0.000,-0.086,-0.047
QGen-PAQ,QGen-paq+RC,MoCo,MoCo-QGenPAQ,paq50.seed477.moco-2e14.bert-base-uncased.avg.dot.q128d256.step100k.bs1024.lr5e5,ndcg@10,0.226,0.284,0.000,0.231,0.267,0.498,0.147,0.000,0.000,0.320,0.107,0.266,0.097,0.314,0.057,0.539,0.000,0.823,0.237,0.10,0.03,#DIV/0!,-0.27,0.05,0.04,-0.40,#DIV/0!,#DIV/0!,-0.16,-0.36,-0.09,-0.35,-0.54,-0.63,-0.17,#DIV/0!,-0.01,-0.17,0.020,0.009,0.000,-0.086,0.013,0.017,-0.098,0.000,0.000,-0.059,-0.060,-0.025,-0.052,-0.369,-0.098,-0.110,0.000,-0.012,-0.047
,,,,,,,,,,,,,,,,,,,,,,,,,,,,,,,,,,,,,,,,,,,,,,,,,,,,,,,,,,,,,,
,,,,,,,,,,,,,,,,,,,,,,,,,,,,,,,,,,,,,,,,,,,,,,,,,,,,,,,,,,,,,,
,,,,,,,,,,,,,,,,,,,,,,,,,,,,,,,,,,,,,,,,,,,,,,,,,,,,,,,,,,,,,,
,,,,,,,,,,,,,,,,,,,,,,,,,,,,,,,,,,,,,,,,,,,,,,,,,,,,,,,,,,,,,,
,,,,,,,,,,,,,,,,,,,,,,,,,,,,,,,,,,,,,,,,,,,,,,,,,,,,,,,,,,,,,,
CC,,,,,,,,,,,,,,,,,,,,,,,,,,,,,,,,,,,,,,,,,,,,,,,,,,,,,,,,,,,,,,
BM25,,,,BM25 (BEIR reported),ndcg@10,0.228,0.656,0.000,0.325,0.329,0.603,0.236,0.000,0.000,0.315,0.367,0.313,0.158,0.753,0.213,0.665,0.000,0.789,0.299,0.11,1.39,#DIV/0!,0.02,0.30,0.25,-0.04,#DIV/0!,#DIV/0!,-0.17,1.20,0.07,0.06,0.10,0.37,0.02,#DIV/0!,-0.06,0.05,0.022,0.381,0.000,0.008,0.075,0.122,-0.009,0.000,0.000,-0.064,0.200,0.021,0.009,0.071,0.058,0.016,0.000,-0.046,0.015
contriever,,,,fb-contriever.dot (BEIR changed Tóuche2020 dataset),ndcg@10,0.206,0.275,0.000,0.317,0.254,0.481,0.245,0.000,0.000,0.379,0.167,0.292,0.149,0.682,0.155,0.649,0.000,0.835,0.284,0.00,0.00,#DIV/0!,0.00,0.00,0.00,0.00,#DIV/0!,#DIV/0!,0.00,0.00,0.00,0.00,0.00,0.00,0.00,#DIV/0!,0.00,0.00,0.000,0.000,0.000,0.000,0.000,0.000,0.000,0.000,0.000,0.000,0.000,0.000,0.000,0.000,0.000,0.000,0.000,0.000,0.000
,,,,,,,,,,,,,,,,,,,,,,,,,,,,,,,,,,,,,,,,,,,,,,,,,,,,,,,,,,,,,,
RandomCrop(CC),RC,Inbatch,Inbatch-RandomCrop(CC),cc.inbatch.contriever256.bert-base-uncased.avg.dot.q128d256.step100k.bs1024.lr5e5,ndcg@10,0.163,0.287,0.000,0.208,0.155,0.344,0.152,0.000,0.000,0.439,0.046,0.205,0.096,0.226,0.079,0.567,0.000,0.814,0.223,-0.21,0.04,#DIV/0!,-0.35,-0.39,-0.29,-0.38,#DIV/0!,#DIV/0!,0.16,-0.72,-0.30,-0.36,-0.67,-0.49,-0.13,#DIV/0!,-0.02,-0.21,-0.043,0.012,0.000,-0.110,-0.099,-0.137,-0.093,0.000,0.000,0.059,-0.121,-0.086,-0.053,-0.456,-0.076,-0.083,0.000,-0.021,-0.061
RandomCrop(CC),RC,MoCo,MoCo-RandomCrop(CC),cc.moco-2e14.contriever256.bert-base-uncased.avg.dot.q128d256.step100k.bs1024.lr5e5,ndcg@10,0.192,0.395,0.000,0.280,0.223,0.430,0.212,0.000,0.000,0.381,0.126,0.222,0.138,0.481,0.146,0.635,0.000,0.818,0.271,-0.07,0.44,#DIV/0!,-0.12,-0.12,-0.10,-0.14,#DIV/0!,#DIV/0!,0.00,-0.25,-0.24,-0.07,-0.29,-0.06,-0.02,#DIV/0!,-0.02,-0.05,-0.014,0.121,0.000,-0.037,-0.030,-0.050,-0.033,0.000,0.000,0.002,-0.041,-0.069,-0.011,-0.201,-0.009,-0.014,0.000,-0.017,-0.013
,,,,,,,,,,,,,,,,,,,,,,,,,,,,,,,,,,,,,,,,,,,,,,,,,,,,,,,,,,,,,,
Doc-Title(CC),Doc-Title,Inbatch,Inbatch-Doc-Title(CC),cc.inbatch.contriever256-Qtitle.bert-base-uncased.avg.dot.q128d256.step100k.bs1024.lr5e5,ndcg@10,0.197,0.351,0.000,0.276,0.272,0.445,0.221,0.000,0.000,0.246,0.098,0.303,0.142,0.564,0.120,0.594,0.000,0.797,0.224,-0.04,0.28,#DIV/0!,-0.13,0.07,-0.07,-0.10,#DIV/0!,#DIV/0!,-0.35,-0.41,0.04,-0.04,-0.17,-0.23,-0.09,#DIV/0!,-0.05,-0.21,-0.009,0.076,0.000,-0.041,0.018,-0.035,-0.024,0.000,0.000,-0.133,-0.069,0.012,-0.007,-0.119,-0.035,-0.056,0.000,-0.038,-0.060
Doc-Title(CC),Doc-Title+RC,MoCo,MoCo-Doc-Title(CC),cc.moco-2e14.contriever256-Qtitle50.bert-base-uncased.avg.dot.q128d256.step100k.bs1024.lr5e5,ndcg@10,0.218,0.553,0.000,0.297,0.289,0.512,0.253,0.000,0.000,0.379,0.184,0.310,0.158,0.591,0.171,0.635,0.000,0.813,0.280,0.06,1.01,#DIV/0!,-0.06,0.14,0.07,0.03,#DIV/0!,#DIV/0!,0.00,0.10,0.06,0.06,-0.13,0.11,-0.02,#DIV/0!,-0.03,-0.01,0.012,0.278,0.000,-0.020,0.036,0.032,0.008,0.000,0.000,-0.001,0.017,0.018,0.009,-0.091,0.016,-0.015,0.000,-0.022,-0.004
,,,,,,,,,,,,,,,,,,,,,,,,,,,,,,,,,,,,,,,,,,,,,,,,,,,,,,,,,,,,,,
QExt-BM25(CC),QExt-BM25,Inbatch,Inbatch-QExt-BM25(CC),cc.ExtQ-bm25-chunk16.seed477.inbatch.bert-base-uncased.avg.dot.q128d256.step100k.bs1024.lr5e5,ndcg@10,0.163,0.272,0.000,0.216,0.171,0.343,0.166,0.000,0.000,0.405,0.053,0.201,0.103,0.260,0.081,0.564,0.000,0.814,0.242,-0.21,-0.01,#DIV/0!,-0.32,-0.32,-0.29,-0.32,#DIV/0!,#DIV/0!,0.07,-0.68,-0.31,-0.31,-0.62,-0.48,-0.13,#DIV/0!,-0.03,-0.15,-0.043,-0.003,0.000,-0.101,-0.082,-0.138,-0.079,0.000,0.000,0.026,-0.114,-0.091,-0.046,-0.422,-0.074,-0.085,0.000,-0.021,-0.042
QExt-BM25(CC),QExt-BM25+RC,MoCo,MoCo-QExt-BM25(CC),cc.ExtQ50-bm25-chunk16.seed477.moco-2e14.bert-base-uncased.avg.dot.q128d256.step100k.bs1024.lr5e5,ndcg@10,0.202,0.468,0.000,0.284,0.243,0.475,0.226,0.000,0.000,0.372,0.133,0.252,0.146,0.530,0.161,0.630,0.000,0.827,0.270,-0.02,0.70,#DIV/0!,-0.11,-0.04,-0.01,-0.08,#DIV/0!,#DIV/0!,-0.02,-0.20,-0.14,-0.02,-0.22,0.04,-0.03,#DIV/0!,-0.01,-0.05,-0.003,0.193,0.000,-0.034,-0.011,-0.005,-0.019,0.000,0.000,-0.007,-0.034,-0.039,-0.003,-0.153,0.006,-0.020,0.000,-0.008,-0.014
,,,,,,,,,,,,,,,,,,,,,,,,,,,,,,,,,,,,,,,,,,,,,,,,,,,,,,,,,,,,,,
QExt-PLM(CC),QExt-PLM,Inbatch,Inbatch-QExt-PLM(CC),cc.ExtQ-plm-chunk16.seed477.inbatch.bert-base-uncased.avg.dot.q128d256.step100k.bs1024.lr5e5,ndcg@10,0.162,0.279,0.000,0.214,0.159,0.339,0.151,0.000,0.000,0.440,0.047,0.197,0.095,0.228,0.074,0.549,0.000,0.815,0.224,-0.21,0.02,#DIV/0!,-0.32,-0.37,-0.29,-0.38,#DIV/0!,#DIV/0!,0.16,-0.72,-0.32,-0.36,-0.67,-0.52,-0.15,#DIV/0!,-0.02,-0.21,-0.044,0.004,0.000,-0.103,-0.095,-0.141,-0.094,0.000,0.000,0.061,-0.120,-0.095,-0.054,-0.454,-0.081,-0.100,0.000,-0.020,-0.060
QExt-PLM(CC),QExt-PLM+RC,MoCo,MoCo-QExt-PLM(CC),cc.ExtQ50-plm-chunk16.seed477.moco-2e14.bert-base-uncased.avg.dot.q128d256.step100k.bs1024.lr5e5,ndcg@10,0.206,0.536,0.000,0.303,0.272,0.479,0.223,0.000,0.000,0.391,0.190,0.290,0.147,0.597,0.177,0.645,0.000,0.827,0.271,0.00,0.95,#DIV/0!,-0.04,0.07,0.00,-0.09,#DIV/0!,#DIV/0!,0.03,0.14,-0.01,-0.01,-0.13,0.14,-0.01,#DIV/0!,-0.01,-0.05,0.000,0.261,0.000,-0.014,0.018,-0.002,-0.022,0.000,0.000,0.012,0.023,-0.002,-0.002,-0.085,0.022,-0.005,0.000,-0.008,-0.013
,,,,,,,,,,,,,,,,,,,,,,,,,,,,,,,,,,,,,,,,,,,,,,,,,,,,,,,,,,,,,,
TQGen-Topic(CC),TQGen-Topic,Inbatch,Inbatch-TQGen-Topic(CC),cc.T03b_topic.inbatch.contriever256-special.bert-base-uncased.avg.dot.q128d256.step100k.bs1024.lr5e5,ndcg@10,0.207,0.582,0.000,0.341,0.276,0.494,0.281,0.000,0.000,0.367,0.186,0.312,0.160,0.639,0.121,0.618,0.000,0.785,0.303,0.00,1.12,#DIV/0!,0.08,0.09,0.03,0.15,#DIV/0!,#DIV/0!,-0.03,0.11,0.07,0.07,-0.06,-0.22,-0.05,#DIV/0!,-0.06,0.07,0.001,0.308,0.000,0.024,0.022,0.014,0.036,0.000,0.000,-0.013,0.019,0.020,0.011,-0.043,-0.034,-0.031,0.000,-0.050,0.019
TQGen-Topic(CC),TQGen-Topic+RC,MoCo,MoCo-TQGen-Topic(CC),cc.T03b_topic50.moco-2e14.contriever256-special50.bert-base-uncased.avg.dot.qd128.step100k.bs1024.lr5e5,ndcg@10,0.212,0.616,0.000,0.307,0.274,0.517,0.247,0.000,0.000,0.400,0.173,0.307,0.158,0.596,0.147,0.648,0.000,0.779,0.279,0.03,1.24,#DIV/0!,-0.03,0.08,0.07,0.01,#DIV/0!,#DIV/0!,0.05,0.04,0.05,0.06,-0.13,-0.05,0.00,#DIV/0!,-0.07,-0.02,0.006,0.341,0.000,-0.010,0.021,0.036,0.002,0.000,0.000,0.020,0.006,0.016,0.009,-0.086,-0.008,-0.001,0.000,-0.056,-0.005
,,,,,,,,,,,,,,,,,,,,,,,,,,,,,,,,,,,,,,,,,,,,,,,,,,,,,,,,,,,,,,
TQGen-Title(CC),TQGen-Title,Inbatch,Inbatch-TQGen-Title(CC),cc.T03b_title.inbatch.contriever256-special.bert-base-uncased.avg.dot.q128d256.step100k.bs1024.lr5e5,ndcg@10,0.200,0.465,0.000,0.321,0.289,0.496,0.270,0.000,0.000,0.329,0.143,0.309,0.164,0.642,0.141,0.627,0.000,0.801,0.296,-0.03,0.69,#DIV/0!,0.01,0.14,0.03,0.10,#DIV/0!,#DIV/0!,-0.13,-0.14,0.06,0.10,-0.06,-0.09,-0.03,#DIV/0!,-0.04,0.04,-0.005,0.190,0.000,0.003,0.035,0.016,0.025,0.000,0.000,-0.051,-0.024,0.017,0.014,-0.040,-0.014,-0.022,0.000,-0.034,0.012
TQGen-Title(CC),TQGen-Title+RC,MoCo,MoCo-TQGen-Title(CC),cc.T03b_title50.moco-2e14.contriever256-special50.bert-base-uncased.avg.dot.q128d256.step100k.bs1024.lr5e5,ndcg@10,0.218,0.600,0.000,0.310,0.290,0.518,0.263,0.000,0.000,0.393,0.170,0.300,0.158,0.607,0.161,0.650,0.000,0.794,0.287,0.06,1.18,#DIV/0!,-0.02,0.14,0.08,0.07,#DIV/0!,#DIV/0!,0.04,0.02,0.03,0.06,-0.11,0.04,0.00,#DIV/0!,-0.05,0.01,0.013,0.325,0.000,-0.007,0.037,0.037,0.018,0.000,0.000,0.014,0.003,0.008,0.009,-0.076,0.006,0.000,0.000,-0.041,0.003
,,,,,,,,,,,,,,,,,,,,,,,,,,,,,,,,,,,,,,,,,,,,,,,,,,,,,,,,,,,,,,
TQGen-AbSum(CC),TQGen-AbSum,Inbatch,Inbatch-TQGen-Absum(CC),cc.T03b_absum.inbatch.contriever256-special.bert-base-uncased.avg.dot.q128d256.step100k.bs1024.lr5e5,ndcg@10,0.181,0.398,0.000,0.295,0.267,0.455,0.257,0.000,0.000,0.335,0.136,0.300,0.156,0.541,0.129,0.600,0.000,0.796,0.282,-0.12,0.45,#DIV/0!,-0.07,0.05,-0.05,0.05,#DIV/0!,#DIV/0!,-0.12,-0.19,0.03,0.05,-0.21,-0.17,-0.08,#DIV/0!,-0.05,-0.01,-0.024,0.123,0.000,-0.023,0.013,-0.025,0.012,0.000,0.000,-0.044,-0.031,0.009,0.007,-0.141,-0.026,-0.050,0.000,-0.039,-0.002
TQGen-AbSum(CC),TQGen-AbSum+RC,MoCo,MoCo-TQGen-Absum(CC),cc.T03b_absum50.moco-2e14.contriever256-special50.bert-base-uncased.avg.dot.q128d256.step100k.bs1024.lr5e5,ndcg@10,0.233,0.527,0.000,0.299,0.298,0.540,0.268,0.000,0.000,0.387,0.202,0.311,0.166,0.636,0.178,0.656,0.000,0.781,0.293,0.13,0.92,#DIV/0!,-0.06,0.18,0.12,0.09,#DIV/0!,#DIV/0!,0.02,0.21,0.07,0.12,-0.07,0.15,0.01,#DIV/0!,-0.06,0.03,0.027,0.253,0.000,-0.018,0.045,0.059,0.023,0.000,0.000,0.007,0.035,0.019,0.017,-0.046,0.023,0.006,0.000,-0.054,0.009
,,,,,,,,,,,,,,,,,,,,,,,,,,,,,,,,,,,,,,,,,,,,,,,,,,,,,,,,,,,,,,
TQGen-ExSum(CC),TQGen-ExSum,Inbatch,Inbatch-TQGen-Exsum(CC),cc.T03b_exsum.inbatch.contriever256-special.bert-base-uncased.avg.dot.q128d256.step100k.bs1024.lr5e5,ndcg@10,0.189,0.405,0.000,0.304,0.274,0.467,0.269,0.000,0.000,0.343,0.139,0.313,0.151,0.559,0.134,0.622,0.000,0.806,0.291,-0.08,0.48,#DIV/0!,-0.04,0.08,-0.03,0.10,#DIV/0!,#DIV/0!,-0.10,-0.16,0.07,0.01,-0.18,-0.14,-0.04,#DIV/0!,-0.03,0.03,-0.017,0.131,0.000,-0.013,0.020,-0.014,0.024,0.000,0.000,-0.037,-0.027,0.021,0.002,-0.123,-0.021,-0.028,0.000,-0.029,0.007
TQGen-ExSum(CC),TQGen-ExSum+RC,MoCo,MoCo-TQGen-Exsum(CC),cc.T03b_exsum50.moco-2e14.contriever256-special50.bert-base-uncased.avg.dot.q128d256.step100k.bs1024.lr5e5,ndcg@10,0.230,0.558,0.000,0.294,0.295,0.544,0.276,0.000,0.000,0.394,0.163,0.318,0.161,0.612,0.164,0.656,0.000,0.790,0.287,0.12,1.03,#DIV/0!,-0.07,0.16,0.13,0.13,#DIV/0!,#DIV/0!,0.04,-0.02,0.09,0.08,-0.10,0.06,0.01,#DIV/0!,-0.05,0.01,0.024,0.284,0.000,-0.023,0.041,0.064,0.032,0.000,0.000,0.014,-0.004,0.027,0.012,-0.070,0.009,0.007,0.000,-0.045,0.003
,,,,,,,,,,,,,,,,,,,,,,,,,,,,,,,,,,,,,,,,,,,,,,,,,,,,,,,,,,,,,,
QGen-D2Q(CC),QGen-D2Q,Inbatch,Inbatch-QGen-D2Q(CC),cc.d2q-t2q.inbatch.contriever256-special.bert-base-uncased.avg.dot.q128d256.step100k.bs1024.lr5e5,ndcg@10,0.244,0.559,0.000,0.316,0.355,0.532,0.298,0.000,0.000,0.338,0.165,0.321,0.153,0.623,0.142,0.608,0.000,0.807,0.306,0.19,1.04,#DIV/0!,-0.01,0.40,0.11,0.22,#DIV/0!,#DIV/0!,-0.11,-0.01,0.10,0.03,-0.09,-0.09,-0.06,#DIV/0!,-0.03,0.08,0.039,0.285,0.000,-0.002,0.101,0.052,0.053,0.000,0.000,-0.042,-0.002,0.030,0.004,-0.059,-0.013,-0.042,0.000,-0.028,0.022
QGen-D2Q(CC),QGen-D2Q+RC,MoCo,MoCo-QGen-D2Q(CC),cc.d2q-t2q50.moco-2e14.contriever256-special50.bert-base-uncased.avg.dot.qd128.step100k.bs1024.lr5e5,ndcg@10,0.232,0.634,0.000,0.315,0.325,0.524,0.280,0.000,0.000,0.381,0.205,0.294,0.148,0.551,0.142,0.659,0.000,0.819,0.297,0.13,1.31,#DIV/0!,-0.01,0.28,0.09,0.14,#DIV/0!,#DIV/0!,0.00,0.23,0.01,-0.01,-0.19,-0.08,0.01,#DIV/0!,-0.02,0.05,0.026,0.360,0.000,-0.003,0.071,0.043,0.035,0.000,0.000,0.002,0.039,0.003,-0.001,-0.132,-0.013,0.010,0.000,-0.016,0.013
,,,,,,,,,,,,,,,,,,,,,,,,,,,,,,,,,,,,,,,,,,,,,,,,,,,,,,,,,,,,,,
Doc-Title(Pile6),Doc-Title+RC,MoCo,MoCo-Doc-Title(Pile6),pile6-uniform.moco-2e14.contriever256-Qtitle05.bert-base-uncased.avg.dot.qd128.step100k.bs1024.lr5e5,ndcg@10,0.222,0.577,0.000,0.293,0.317,0.516,0.252,0.000,0.000,0.382,0.211,0.307,0.154,0.564,0.141,0.690,0.000,0.821,0.313,0.08,1.10,#DIV/0!,-0.08,0.25,0.07,0.03,#DIV/0!,#DIV/0!,0.01,0.27,0.05,0.03,-0.17,-0.09,0.06,#DIV/0!,-0.02,0.10,0.016,0.302,0.000,-0.025,0.064,0.035,0.007,0.000,0.000,0.003,0.044,0.015,0.005,-0.118,-0.014,0.040,0.000,-0.014,0.029
Doc-Title(Pile10),Doc-Title+RC,MoCo,MoCo-Doc-Title(Pile10),pile10-uniform.moco-2e14.contriever256-Qtitle05.bert-base-uncased.avg.dot.qd128.step100k.bs1024.lr5e5,ndcg@10,0.214,0.592,0.000,0.301,0.296,0.518,0.245,0.000,0.000,0.374,0.198,0.295,0.158,0.573,0.145,0.706,0.000,0.812,0.310,0.04,1.15,#DIV/0!,-0.05,0.17,0.08,0.00,#DIV/0!,#DIV/0!,-0.01,0.19,0.01,0.06,-0.16,-0.06,0.09,#DIV/0!,-0.03,0.09,0.008,0.317,0.000,-0.017,0.042,0.037,0.000,0.000,0.000,-0.005,0.031,0.003,0.009,-0.109,-0.010,0.056,0.000,-0.023,0.026
,,,,,,,,,,,,,,,,,,,,,,,,,,,,,,,,,,,,,,,,,,,,,,,,,,,,,,,,,,,,,,
Hybrid(RC20%+TQGen),Hybrid(CC)+RC,MoCo,MoCo-Hybrid(CC),cc-hybrid.RC20+T0gen80.seed477.moco-2e14.contriever256-special50.bert-base-uncased.avg.dot.q128d256.step100k.bs1024.lr5e5,ndcg@10,0.233,0.580,0.000,0.305,0.284,0.535,0.251,0.000,0.000,0.392,0.178,0.318,0.156,0.621,0.170,0.633,0.000,0.774,0.265,0.13,1.11,#DIV/0!,-0.04,0.12,0.11,0.02,#DIV/0!,#DIV/0!,0.03,0.07,0.09,0.05,-0.09,0.10,-0.02,#DIV/0!,-0.07,-0.07,0.028,0.305,0.000,-0.013,0.030,0.055,0.006,0.000,0.000,0.013,0.011,0.026,0.007,-0.061,0.015,-0.016,0.000,-0.061,-0.019
Hybrid(RC20%+All),Hybrid(CC)+RC,MoCo,MoCo-Hybrid(CC),cc-hybrid.RC20+QExt10+title16+T0gen64.seed477.moco-2e14.contriever256-special50-titles_special.bert-base-uncased.avg.dot.q128d256.step100k.bs1024.lr5e5,ndcg@10,0.235,0.585,0.000,0.303,0.289,0.536,0.252,0.000,0.000,0.380,0.196,0.323,0.153,0.614,0.175,0.652,0.000,0.787,0.265,0.14,1.13,#DIV/0!,-0.05,0.14,0.12,0.03,#DIV/0!,#DIV/0!,0.00,0.18,0.11,0.03,-0.10,0.13,0.00,#DIV/0!,-0.06,-0.07,0.029,0.311,0.000,-0.015,0.035,0.055,0.007,0.000,0.000,0.000,0.030,0.032,0.004,-0.068,0.020,0.002,0.000,-0.048,-0.019